<!DOCTYPE data_config>
<external_data friendly_name="Baseball Scoreboard" version="1.5" auto_push="0" tag_prefix="" auto_loop="0" type="csv" read_only="1">
    <auto_loop_config reverse_direction="0" loop_when_end_reached="0" remove_once_aired="0" update_interval_seconds="30" start_from_current="0" skip_to_newest="0"/>
    <model_config>
        <columns>
            <column size_hint="-1" show_in_surface="1" display_name="HomeTeamName" type="0" name="HomeTeamName"/>
            <column size_hint="-1" show_in_surface="1" display_name="HomeScore" type="0" name="HomeScore"/>
            <column size_hint="-1" show_in_surface="1" display_name="HomeColor" type="0" name="HomeColor"/>
            <column size_hint="-1" show_in_surface="1" display_name="AwayTeamName" type="0" name="AwayTeamName"/>
            <column size_hint="-1" show_in_surface="1" display_name="AwayScore" type="0" name="AwayScore"/>
            <column size_hint="-1" show_in_surface="1" display_name="AwayColor" type="0" name="AwayColor"/>
            <column size_hint="-1" show_in_surface="1" display_name="Inning" type="0" name="Inning"/>
            <column size_hint="-1" show_in_surface="1" display_name="TopOrBottom" type="0" name="TopOrBottom"/>
            <column size_hint="-1" show_in_surface="1" display_name="#ofBalls" type="0" name="#ofBalls"/>
            <column size_hint="-1" show_in_surface="1" display_name="#ofStrikes" type="0" name="#ofStrikes"/>
            <column size_hint="-1" show_in_surface="1" display_name="#ofOuts" type="0" name="#ofOuts"/>
            <column size_hint="-1" show_in_surface="1" display_name="OutOrOuts" type="0" name="OutOrOuts"/>
            <column size_hint="-1" show_in_surface="1" display_name="BasesOccupied" type="0" name="BasesOccupied"/>
        </columns>
        <data/>
        <forced>
            <column type="1" name="AwayColor"/>
            <column type="1" name="BasesOccupied"/>
            <column type="1" name="HomeColor"/>
            <column type="1" name="TopOrBottom"/>
        </forced>
        <surface>
            <column show_in_surface="0" name="AwayColor"/>
            <column show_in_surface="0" name="BasesOccupied"/>
            <column show_in_surface="0" name="HomeColor"/>
            <column show_in_surface="0" name="TopOrBottom"/>
        </surface>
    </model_config>
    <limits_config limit_time_seconds="7200" limit_records="10" limit_by_records="0" limit_by_time="0"/>
    <current_row index="0">
        <text value="0" name="#ofBalls"/>
        <text value="0" name="#ofOuts"/>
        <text value="0" name="#ofStrikes"/>
        <text value="0" name="AwayScore"/>
        <text value="Away" name="AwayTeamName"/>
        <text value="0" name="HomeScore"/>
        <text value="Home" name="HomeTeamName"/>
        <text value="1" name="Inning"/>
        <text value="Outs" name="OutOrOuts"/>
        <image value="C:\Users\Dalton Scharff\Desktop\BaseballScoreboard\images\colorBars\Blue_Light.png" name="AwayColor"/>
        <image value="C:\Users\Dalton Scharff\Desktop\BaseballScoreboard\images\assets\xxx.png" name="BasesOccupied"/>
        <image value="C:\Users\Dalton Scharff\Desktop\BaseballScoreboard\images\colorBars\Black.png" name="HomeColor"/>
        <image value="C:\Users\Dalton Scharff\Desktop\BaseballScoreboard\images\assets\topInning.png" name="TopOrBottom"/>
    </current_row>
    <source_config codec="" divider="," use_first_row="1"/>
    <provider_config file_name="C:\Users\Dalton Scharff\Desktop\BaseballScoreboard\scoreboard.csv" watch_file="1"/>
</external_data>
